0.6393423676490784,0.5014607310295105,-6.313667455515315e-8,0.598766028881073,0.509049654006958,-0.007840867154300213,0.5640218257904053,0.479737251996994,-0.007283865474164486,0.5460706353187561,0.440608412027359,-0.007571547292172909,0.5268381834030151,0.4190448522567749,-0.007051271386444569,0.5541244149208069,0.4241860806941986,0.009181343019008636,0.5286779999732971,0.3875749111175537,0.004602913744747639,0.5146329402923584,0.36605530977249146,-0.002052030060440302,0.5027251243591309,0.34598642587661743,-0.008000010624527931,0.5656521916389465,0.4048333466053009,0.0068737659603357315,0.5366048216819763,0.36502355337142944,0.00308034080080688,0.5199953317642212,0.3423146605491638,-0.0029395599849522114,0.5058229565620422,0.3216775357723236,-0.008091824129223824,0.5803104043006897,0.39207056164741516,0.001768938614986837,0.5528061389923096,0.35223597288131714,-0.003415459766983986,0.5362595915794373,0.3312126696109772,-0.007700086105614901,0.5225038528442383,0.31353890895843506,-0.011231842450797558,0.6009286046028137,0.3820972740650177,-0.005052799358963966,0.5802234411239624,0.3507454991340637,-0.009389453567564487,0.5664175152778625,0.33367717266082764,-0.011219602078199387,0.5542864799499512,0.3197217285633087,-0.013037506490945816,
0.6060683131217957,0.4858595132827759,1.8075901664360572e-7,0.5598899722099304,0.4920669198036194,-0.0025569889694452286,0.5255641341209412,0.4663538932800293,0.0015281880041584373,0.5049669146537781,0.4336385726928711,0.0034356575924903154,0.4849957823753357,0.416972815990448,0.005607043858617544,0.5161392688751221,0.4156136214733124,0.02256724424660206,0.4895345866680145,0.3862336277961731,0.02062026783823967,0.4713295102119446,0.36704200506210327,0.014071340672671795,0.45577988028526306,0.34889644384384155,0.008476939983665943,0.5240313410758972,0.39542698860168457,0.018205508589744568,0.493905633687973,0.36251577734947205,0.017092948779463768,0.4731147885322571,0.34206724166870117,0.010019350796937943,0.4547094404697418,0.32246387004852295,0.004639876075088978,0.5363784432411194,0.3808932602405548,0.011005482636392117,0.5082045197486877,0.34871476888656616,0.008249371312558651,0.4886210560798645,0.3289341330528259,0.0037548861000686884,0.4712795317173004,0.3111691474914551,0.00029275784618221223,0.5548124313354492,0.3688592314720154,0.0024305616971105337,0.532861053943634,0.34161967039108276,0.0003061907191295177,0.518551766872406,0.32463741302490234,0.00023724843049421906,0.5049803256988525,0.3086165189743042,0.00008262211485998705,
0.5998041033744812,0.4815004765987396,9.691105873343986e-8,0.5585364103317261,0.49107879400253296,-0.004779219161719084,0.5259338617324829,0.46727532148361206,-0.0032738284207880497,0.506494402885437,0.4325680434703827,-0.003299182280898094,0.4871126115322113,0.4106862246990204,-0.002674841322004795,0.5139952898025513,0.41585633158683777,0.015478584915399551,0.48704099655151367,0.38564443588256836,0.01140927616506815,0.4702376127243042,0.3671599328517914,0.004646110814064741,0.45613154768943787,0.35052067041397095,-0.0008556957473047078,0.5224459767341614,0.39472001791000366,0.011808600276708603,0.49119067192077637,0.36159995198249817,0.008766126818954945,0.4721405506134033,0.3423268496990204,0.0020219774451106787,0.45529016852378845,0.3251931071281433,-0.00306782778352499,0.5351553559303284,0.3791099488735199,0.00539722153916955,0.5046807527542114,0.3464279770851135,0.0009190805722028017,0.4860389828681946,0.32802480459213257,-0.002781011164188385,0.46927469968795776,0.3116869032382965,-0.005647591315209866,0.5530575513839722,0.3659866750240326,-0.002443486824631691,0.5299583673477173,0.3388936221599579,-0.006021562498062849,0.5155425071716309,0.32275503873825073,-0.006370178889483213,0.5017868876457214,0.3081841468811035,-0.006718796212226152,
0.5980772376060486,0.4798048436641693,6.847479738780748e-8,0.5572443604469299,0.4908101260662079,-0.0024420341942459345,0.5247377753257751,0.46688950061798096,0.0010204599238932133,0.5058072209358215,0.43364500999450684,0.002468160353600979,0.4875134825706482,0.4144008457660675,0.0043031442910432816,0.5153543949127197,0.41652384400367737,0.019019896164536476,0.4891950190067291,0.3888862133026123,0.016425715759396553,0.4732237160205841,0.3714197278022766,0.010259924456477165,0.45961689949035645,0.3550930619239807,0.004991647321730852,0.5232811570167542,0.39512312412261963,0.014532332308590412,0.4923511743545532,0.36200854182243347,0.012761896476149559,0.4733019173145294,0.34274056553840637,0.0061657908372581005,0.45629310607910156,0.3252086043357849,0.001056575565598905,0.5357062220573425,0.37930548191070557,0.007462881505489349,0.5055209398269653,0.34647661447525024,0.003952745348215103,0.4867417812347412,0.32792186737060547,-0.00019623490516096354,0.47024407982826233,0.3113729953765869,-0.0035193569492548704,0.5538891553878784,0.36527547240257263,-0.0008444920531474054,0.5309520363807678,0.33823105692863464,-0.0035162835847586393,0.5167897939682007,0.32237860560417175,-0.0037652510218322277,0.5032365322113037,0.30857762694358826,-0.004260112531483173,
0.5970496535301208,0.4783772826194763,8.157104502970469e-8,0.5571486949920654,0.48944830894470215,-0.003105392213910818,0.5256842374801636,0.4666456878185272,-0.00031928627868182957,0.5068233013153076,0.43416815996170044,0.0006945086061023176,0.4880335330963135,0.415211021900177,0.0021068016067147255,0.5158128142356873,0.4154348075389862,0.016938503831624985,0.48891764879226685,0.38623932003974915,0.014043341390788555,0.4719470739364624,0.36759158968925476,0.00801275297999382,0.4577314257621765,0.35071438550949097,0.0029312020633369684,0.5239596962928772,0.3945392370223999,0.01287806686013937,0.49301308393478394,0.36156997084617615,0.010817816480994225,0.4739185869693756,0.34253719449043274,0.004327727947384119,0.45698171854019165,0.3255404233932495,-0.0006246824050322175,0.5364142060279846,0.3789167106151581,0.006378968246281147,0.5063204765319824,0.3465084135532379,0.0028215821366757154,0.4875752627849579,0.3282736837863922,-0.001057154731824994,0.47127774357795715,0.3121340870857239,-0.004129511304199696,0.5545787811279297,0.364776611328125,-0.0013785057235509157,0.5320117473602295,0.33765166997909546,-0.004159543663263321,0.5178202986717224,0.32160818576812744,-0.004405812360346317,0.5043860673904419,0.3072271943092346,-0.004757196642458439,
0.5977171659469604,0.4783973693847656,7.03875571161916e-8,0.5584893226623535,0.4898861348628998,-0.0026874106843024492,0.5262431502342224,0.4669451117515564,0.0003998505126219243,0.5070459842681885,0.43400606513023376,0.0016483181389048696,0.4879169166088104,0.4155551791191101,0.0031276538502424955,0.5162999629974365,0.41592320799827576,0.017419995740056038,0.48991137742996216,0.3880862593650818,0.014633270911872387,0.47389769554138184,0.3700030446052551,0.008674422279000282,0.46052899956703186,0.35348302125930786,0.003640530165284872,0.5245206356048584,0.3938543200492859,0.013103536330163479,0.49395552277565,0.36069777607917786,0.01107574999332428,0.47497934103012085,0.3416215479373932,0.004473582375794649,0.4583738446235657,0.3247281610965729,-0.0005162111483514309,0.5371642112731934,0.3776542544364929,0.006367963273078203,0.5071414113044739,0.34551942348480225,0.0026844460517168045,0.4885510504245758,0.3275524079799652,-0.0014578425325453281,0.47230076789855957,0.31146636605262756,-0.004663316998630762,0.5552875995635986,0.3641308844089508,-0.0015312163159251213,0.5321331024169922,0.3373313546180725,-0.0045625208877027035,0.5180637836456299,0.32174304127693176,-0.004992387723177671,0.5046761631965637,0.30773645639419556,-0.0054489364847540855,
0.5969117283821106,0.47790390253067017,7.50352526779352e-8,0.5573493242263794,0.4887145757675171,-0.002911605639383197,0.5257568359375,0.46583905816078186,-0.000027050391508964822,0.5068504214286804,0.43346813321113586,0.001105400500819087,0.48812317848205566,0.4152365028858185,0.002541901543736458,0.5161682367324829,0.4145983159542084,0.01672428660094738,0.48972904682159424,0.38640788197517395,0.013754776678979397,0.47338414192199707,0.3683761954307556,0.007702912203967571,0.45966970920562744,0.3516342043876648,0.002619108883664012,0.5243151783943176,0.3930395543575287,0.012555093504488468,0.4935701787471771,0.36002117395401,0.010345777496695518,0.4743174910545349,0.34105008840560913,0.00383957801386714,0.45731979608535767,0.3241417109966278,-0.0010764477774500847,0.5368722677230835,0.3772328197956085,0.0059746564365923405,0.506686806678772,0.34459128975868225,0.0021900145802646875,0.4878470003604889,0.32676583528518677,-0.001750526949763298,0.47138911485671997,0.3106135129928589,-0.004766065627336502,0.5549048185348511,0.3639846444129944,-0.0018054627580568194,0.5315381288528442,0.33678948879241943,-0.004908601753413677,0.517106831073761,0.321230947971344,-0.005259004421532154,0.5033262968063354,0.30722612142562866,-0.005606437101960182,
0.5966085195541382,0.4791032373905182,6.983976419405735e-8,0.5568649768829346,0.48987311124801636,-0.0032074707560241222,0.5252053737640381,0.46651017665863037,-0.00023696597781963646,0.5062466859817505,0.4336302876472473,0.000945640669669956,0.4873369038105011,0.4146571457386017,0.0024945347104221582,0.5158356428146362,0.41564130783081055,0.017193466424942017,0.4895234704017639,0.3873579502105713,0.014252790249884129,0.47313371300697327,0.3693084716796875,0.008193576708436012,0.4591996371746063,0.35304877161979675,0.003124467795714736,0.5237401127815247,0.39407309889793396,0.013185610063374043,0.4934946894645691,0.36133450269699097,0.010991961695253849,0.4741494059562683,0.34279441833496094,0.004345796536654234,0.4569671154022217,0.3263748586177826,-0.0006236336776055396,0.5361060500144958,0.3778454661369324,0.006687665358185768,0.5065673589706421,0.34525924921035767,0.0028799057472497225,0.48771461844444275,0.32742834091186523,-0.0014028978766873479,0.4710391163825989,0.311734676361084,-0.004588876850903034,0.5539188385009766,0.36407434940338135,-0.001036054571159184,0.5313616394996643,0.3366767168045044,-0.004114574287086725,0.517027735710144,0.32102617621421814,-0.0046896664425730705,0.5033361911773682,0.30746981501579285,-0.0051639690063893795,
0.5960337519645691,0.47887468338012695,7.640629462457582e-8,0.5573275685310364,0.48969393968582153,-0.0030630144756287336,0.5254536867141724,0.4664734899997711,-0.00011569538764888421,0.5061726570129395,0.43418580293655396,0.0010579978115856647,0.4874841570854187,0.4158765375614166,0.0025628700386732817,0.5161704421043396,0.4151124954223633,0.016407104209065437,0.4894275963306427,0.3860662281513214,0.013423994183540344,0.47294846177101135,0.36738133430480957,0.0075110443867743015,0.4592418968677521,0.35045403242111206,0.0025613903999328613,0.5241440534591675,0.394214928150177,0.012346760369837284,0.49338123202323914,0.36101651191711426,0.010020645335316658,0.4741296172142029,0.34164777398109436,0.0035069298464804888,0.45722299814224243,0.324343204498291,-0.0013369243824854493,0.5364512801170349,0.3783722519874573,0.005904071498662233,0.5066506862640381,0.34616199135780334,0.002210697392001748,0.48809051513671875,0.3282708525657654,-0.001689836964942515,0.4718182682991028,0.3121088743209839,-0.004669987130910158,0.5543818473815918,0.36439138650894165,-0.0017874983604997396,0.5313452482223511,0.3375207185745239,-0.004746932536363602,0.5171326994895935,0.32174810767173767,-0.005075430031865835,0.5036900639533997,0.30794718861579895,-0.005389129742980003,
0.5968571901321411,0.47805818915367126,7.424960557500526e-8,0.5581932067871094,0.4907475709915161,-0.0033188159577548504,0.5253722071647644,0.4678245484828949,-0.00036373367765918374,0.5062620043754578,0.43455836176872253,0.0009131173137575388,0.4877191185951233,0.4158114194869995,0.0025127334520220757,0.515131950378418,0.41568970680236816,0.016310622915625572,0.4886380732059479,0.3871746063232422,0.01366501860320568,0.47246888279914856,0.36880287528038025,0.007913191802799702,0.4588112533092499,0.3520444631576538,0.0029246327467262745,0.5235127806663513,0.39436236023902893,0.012354027479887009,0.49285978078842163,0.3616209924221039,0.010269432328641415,0.4734567403793335,0.3428022563457489,0.0038502991665154696,0.4564424753189087,0.3261246681213379,-0.0010637042578309774,0.536175549030304,0.37875062227249146,0.005961467511951923,0.5062825679779053,0.3462320864200592,0.0021539824083447456,0.48719584941864014,0.3284582495689392,-0.002084594452753663,0.47058382630348206,0.31265783309936523,-0.005394552368670702,0.5542985200881958,0.3654012084007263,-0.0016387391369789839,0.5314983129501343,0.3380091190338135,-0.004963460378348827,0.5170050859451294,0.32228368520736694,-0.005790211725980043,0.5033313632011414,0.3080613613128662,-0.0065549565479159355,
0.5993855595588684,0.47703471779823303,6.991947998358228e-8,0.5593264698982239,0.48949193954467773,-0.0027099766302853823,0.5280903577804565,0.4657604992389679,0.0005302288918755949,0.5090377926826477,0.43264859914779663,0.001885587116703391,0.4899498224258423,0.41437551379203796,0.0035521266981959343,0.5197384357452393,0.41546913981437683,0.01787903718650341,0.49329453706741333,0.3864317238330841,0.015108378604054451,0.47665533423423767,0.3677576184272766,0.009140805341303349,0.46272704005241394,0.3508407175540924,0.004126386716961861,0.5280002355575562,0.39431795477867126,0.013734889216721058,0.4973996877670288,0.3613462746143341,0.011562172323465347,0.4785767197608948,0.34164780378341675,0.004786490462720394,0.4622425436973572,0.3235865831375122,-0.000356692704372108,0.5399688482284546,0.3785817623138428,0.007145694922655821,0.5107753872871399,0.34668034315109253,0.0034751638304442167,0.4921843409538269,0.32817578315734863,-0.0007074651657603681,0.4762226343154907,0.3118670582771301,-0.003981341607868671,0.5573480129241943,0.36435452103614807,-0.0006527032237499952,0.5351662039756775,0.3383086323738098,-0.0033478790428489447,0.5212526321411133,0.3230026960372925,-0.00359948817640543,0.5082253217697144,0.30950266122817993,-0.003990222234278917,
0.5998527407646179,0.4776546359062195,8.675579010741785e-8,0.5610837340354919,0.4895572364330292,-0.004427667707204819,0.5294994115829468,0.46665963530540466,-0.0025888867676258087,0.5102066993713379,0.4339693784713745,-0.0022415616549551487,0.4907294511795044,0.4155633747577667,-0.00149364466778934,0.5201024413108826,0.4170607924461365,0.014208232052624226,0.49347785115242004,0.38789719343185425,0.010396408848464489,0.47688964009284973,0.3695325553417206,0.004191252868622541,0.4630291759967804,0.35313159227371216,-0.0008456932846456766,0.5285629630088806,0.3961225748062134,0.010589043609797955,0.4975293278694153,0.36279016733169556,0.0073959860019385815,0.47804802656173706,0.343325138092041,0.0006968396482989192,0.4610922038555145,0.32624927163124084,-0.004185416270047426,0.5409736037254333,0.38066837191581726,0.004512310493737459,0.5109677314758301,0.3477320075035095,-0.0001873440487543121,0.49185556173324585,0.32922041416168213,-0.0044802045449614525,0.4753601551055908,0.313071608543396,-0.007588619831949472,0.5588316321372986,0.3670235872268677,-0.0028092488646507263,0.5365177392959595,0.3402019441127777,-0.006613774225115776,0.5220777988433838,0.32484519481658936,-0.007401823066174984,0.5085173845291138,0.31155845522880554,-0.007968051359057426,
0.6043539643287659,0.475352942943573,7.812294455789015e-8,0.5650171041488647,0.4861530065536499,-0.0037465980276465416,0.5343958735466003,0.464070588350296,-0.0017027340363711119,0.516242265701294,0.43250247836112976,-0.0012537253787741065,0.49756520986557007,0.4136942923069,-0.0004905565292574465,0.5242970585823059,0.4127470850944519,0.014659840613603592,0.4977335035800934,0.38311314582824707,0.01053712423890829,0.48070818185806274,0.3644859790802002,0.003886549035087228,0.4664168655872345,0.347797691822052,-0.0014621937880292535,0.5329989194869995,0.39228910207748413,0.010589606128633022,0.5021339654922485,0.3597147762775421,0.007003368344157934,0.482565701007843,0.3401523232460022,-0.0004413550777826458,0.4653530716896057,0.32262104749679565,-0.0059041716158390045,0.545502245426178,0.37708228826522827,0.004151872359216213,0.5160225629806519,0.34556370973587036,-0.0007894096779637039,0.4969044029712677,0.32690730690956116,-0.005679667461663485,0.4799821674823761,0.3104928731918335,-0.009201761335134506,0.5635369420051575,0.3641231656074524,-0.0034725277218967676,0.5413479804992676,0.33777493238449097,-0.007464039605110884,0.5268753170967102,0.32205840945243835,-0.00848451443016529,0.5130968689918518,0.30870482325553894,-0.009213424287736416,
0.6149617433547974,0.4653080999851227,7.062276097258291e-8,0.5761035680770874,0.4725601077079773,-0.0036933161318302155,0.5436779856681824,0.44839876890182495,-0.0016538109630346298,0.5252262949943542,0.4155995845794678,-0.0012425496242940426,0.5080652236938477,0.39646637439727783,-0.0004572816542349756,0.5341795682907104,0.39703214168548584,0.014048626646399498,0.5090956687927246,0.3661864399909973,0.009759237058460712,0.4930872917175293,0.34627556800842285,0.0029336153529584408,0.4798828959465027,0.32829809188842773,-0.0025771399959921837,0.5424013733863831,0.37867340445518494,0.010033898986876011,0.5142605900764465,0.3461296558380127,0.00654511759057641,0.49676012992858887,0.3260733485221863,-0.0002647996589075774,0.4818025827407837,0.3075149655342102,-0.0051718116737902164,0.5548465847969055,0.3650864362716675,0.0036991601809859276,0.5275719165802002,0.33288711309432983,-0.0008948402828536928,0.5097348690032959,0.31349802017211914,-0.0047218347899615765,0.4944908022880554,0.2960617244243622,-0.007468446157872677,0.5731781721115112,0.3535733222961426,-0.003897851100191474,0.5523576736450195,0.3262232840061188,-0.007719732355326414,0.5388740301132202,0.30950862169265747,-0.008082050830125809,0.5268306732177734,0.29552435874938965,-0.008198929019272327,
0.6417508721351624,0.4516911506652832,7.237352406264108e-8,0.6000849008560181,0.45033398270606995,-0.0019151323940604925,0.5677585601806641,0.4146663546562195,0.001985573908314109,0.551524817943573,0.37697261571884155,0.0038860307540744543,0.5358451008796692,0.35406628251075745,0.006181254982948303,0.5628707408905029,0.36819836497306824,0.01730516366660595,0.5407301783561707,0.3317871689796448,0.013289990834891796,0.527393102645874,0.3069716691970825,0.006727177184075117,0.5164995789527893,0.2839997410774231,0.0013369236839935184,0.5730403661727905,0.35021594166755676,0.012432951480150223,0.5481368899345398,0.3113104999065399,0.008981309831142426,0.5328783988952637,0.28635144233703613,0.001711145043373108,0.5191190242767334,0.2629147171974182,-0.003375329077243805,0.5875207781791687,0.33872973918914795,0.005156915634870529,0.5633774399757385,0.30019447207450867,-0.00008121885184664279,0.5465796589851379,0.2766248285770416,-0.00470491498708725,0.5319477319717407,0.25591230392456055,-0.007871854119002819,0.6082712411880493,0.3296236991882324,-0.003225640393793583,0.5890867710113525,0.2978211045265198,-0.007642918732017279,0.5763901472091675,0.2788828909397125,-0.00869954377412796,0.5640450716018677,0.26332443952560425,-0.009403960779309273,
0.726138710975647,0.42031437158584595,-4.920658724927307e-8,0.6813910603523254,0.40814992785453796,-0.006485304329544306,0.652787983417511,0.3723047375679016,-0.005688028410077095,0.6420079469680786,0.331330806016922,-0.006288960576057434,0.6295546889305115,0.30324864387512207,-0.006223512813448906,0.6541942358016968,0.3216758072376251,0.013375196605920792,0.6372233629226685,0.2808466851711273,0.00823455210775137,0.6294758319854736,0.25517401099205017,0.00048565410543233156,0.6230301856994629,0.23146453499794006,-0.00605394272133708,0.6713957786560059,0.3066282570362091,0.010352687910199165,0.6521337628364563,0.25999167561531067,0.005875447764992714,0.6404143571853638,0.23150135576725006,-0.002094336785376072,0.6303983330726624,0.2061946541070938,-0.008496344089508057,0.6902288198471069,0.29972583055496216,0.004468315280973911,0.6726632118225098,0.25520187616348267,-0.0014063888229429722,0.6604276299476624,0.2289271354675293,-0.007312329486012459,0.6503049731254578,0.2071574330329895,-0.01166759803891182,0.7148327231407166,0.2990666329860687,-0.0028633512556552887,0.7011662125587463,0.26329177618026733,-0.007401576731353998,0.690779983997345,0.24206914007663727,-0.009484014473855495,0.6812363862991333,0.22379228472709656,-0.01126301009207964,
0.7319743037223816,0.4221263527870178,1.2450841779809707e-7,0.6872117519378662,0.4100242555141449,-0.0060213785618543625,0.6613498330116272,0.3765621781349182,-0.00632598577067256,0.6507737040519714,0.33688631653785706,-0.00781517755240202,0.6377629041671753,0.3099583387374878,-0.008781305514276028,0.6642733812332153,0.3300894498825073,0.009507440030574799,0.6452615857124329,0.2883221209049225,0.0019261026754975319,0.6366050839424133,0.260694295167923,-0.006756743416190147,0.6301956176757812,0.23575454950332642,-0.012984270229935646,0.6802545785903931,0.31488585472106934,0.005772154312580824,0.6595419645309448,0.2680799663066864,-0.00013124651741236448,0.6485152244567871,0.23924767971038818,-0.008178244344890118,0.6393623948097229,0.21330119669437408,-0.01389501616358757,0.6982459425926208,0.30670684576034546,-0.0004869101394433528,0.6793910264968872,0.2621747851371765,-0.006953661795705557,0.6674644947052002,0.23612409830093384,-0.011088935658335686,0.6574065089225769,0.21352717280387878,-0.013821171596646309,0.7212137579917908,0.30373722314834595,-0.008135168813169003,0.7076823711395264,0.2693723738193512,-0.01265197154134512,0.6981782913208008,0.24829939007759094,-0.012873504310846329,0.6888638138771057,0.2303173840045929,-0.012824274599552155,
0.7265923619270325,0.4208260178565979,1.5637175465599285e-7,0.6843469738960266,0.41185086965560913,-0.006431736052036285,0.6567114591598511,0.3814423680305481,-0.0061820754781365395,0.645029604434967,0.3428221344947815,-0.006931057665497065,0.6324553489685059,0.31524473428726196,-0.007079665083438158,0.657416820526123,0.3324921727180481,0.010432252660393715,0.6382680535316467,0.29137417674064636,0.0044077010825276375,0.6297748684883118,0.2651081681251526,-0.0030999542213976383,0.6230500936508179,0.2413642704486847,-0.008595461957156658,0.6729670166969299,0.31616899371147156,0.0075611537322402,0.6527951955795288,0.2697705328464508,0.0036141364835202694,0.6415961980819702,0.24185200035572052,-0.0031831744126975536,0.6321197748184204,0.21785470843315125,-0.008238804526627064,0.6908257007598877,0.30740052461624146,0.001994313672184944,0.6722853183746338,0.26454880833625793,-0.0026957415975630283,0.6607034206390381,0.23901525139808655,-0.0066219535656273365,0.6507681608200073,0.21761967241764069,-0.009528717957437038,0.7132959365844727,0.30383625626564026,-0.005043741315603256,0.6997436881065369,0.27069780230522156,-0.008648961782455444,0.6898914575576782,0.25152671337127686,-0.009231504052877426,0.6802164316177368,0.23570743203163147,-0.009623827412724495,
0.7249557375907898,0.42315810918807983,1.5069733194650325e-7,0.6826490163803101,0.4153452515602112,-0.006735312286764383,0.6539761424064636,0.38427734375,-0.0063758594915270805,0.6416584253311157,0.3451596796512604,-0.007024053018540144,0.6284560561180115,0.31869617104530334,-0.0071595837362110615,0.6550958752632141,0.33624687790870667,0.01021198183298111,0.6356961131095886,0.2961810231208801,0.0040040635503828526,0.6266447305679321,0.27048641443252563,-0.0037005916237831116,0.6195423007011414,0.24697107076644897,-0.009351653978228569,0.6703910231590271,0.3194029927253723,0.007454216945916414,0.6495986580848694,0.2745107412338257,0.003052398795261979,0.6376562714576721,0.24658575654029846,-0.004233877640217543,0.6273388266563416,0.2218087911605835,-0.0095696821808815,0.6881364583969116,0.31032150983810425,0.0020241292659193277,0.6693927049636841,0.2690431773662567,-0.002974320901557803,0.6575405597686768,0.24359911680221558,-0.007200832478702068,0.647319495677948,0.22184693813323975,-0.010265016928315163,0.7101606726646423,0.3059815466403961,-0.004893855657428503,0.6960781216621399,0.27373310923576355,-0.008485432714223862,0.6859472990036011,0.2544618844985962,-0.009039342403411865,0.6761828064918518,0.23802873492240906,-0.009434151463210583,
0.7209579348564148,0.4238356351852417,1.4928176028661255e-7,0.6789736151695251,0.41607677936553955,-0.00588876660913229,0.6513304114341736,0.38524770736694336,-0.005123343784362078,0.6390401124954224,0.3473092317581177,-0.005548578221350908,0.6250364780426025,0.32140299677848816,-0.005633625667542219,0.6524295806884766,0.33788231015205383,0.011214463040232658,0.633493185043335,0.298850953578949,0.005360888782888651,0.6242558360099792,0.27378615736961365,-0.0021569659002125263,0.617035984992981,0.2506203353404999,-0.0077832601964473724,0.6676351428031921,0.32147419452667236,0.008017872460186481,0.6470011472702026,0.2768106460571289,0.0036247586831450462,0.6347360014915466,0.24932792782783508,-0.003841774770990014,0.6243046522140503,0.22495895624160767,-0.009302373975515366,0.6852894425392151,0.31280964612960815,0.0021965568885207176,0.6668028831481934,0.270290344953537,-0.003308031940832734,0.6545817255973816,0.2449723482131958,-0.008152774535119534,0.6439744830131531,0.22322040796279907,-0.011560517363250256,0.7072712779045105,0.3090156316757202,-0.004956183023750782,0.6939759850502014,0.2759460508823395,-0.00941381510347128,0.6836940050125122,0.25584876537323,-0.010751104913651943,0.6735140085220337,0.23871952295303345,-0.01167195662856102,
0.5988166332244873,0.47915709018707275,-7.780860045158988e-8,0.5620592832565308,0.49111130833625793,-0.0069525218568742275,0.5270362496376038,0.46677953004837036,-0.006143827922642231,0.5076258182525635,0.4317905604839325,-0.00624491460621357,0.4883430600166321,0.41469621658325195,-0.005680513568222523,0.5154713988304138,0.413944810628891,0.009603241458535194,0.4901803433895111,0.3838313817977905,0.005175079219043255,0.47490283846855164,0.36486443877220154,-0.0015668446430936456,0.46143838763237,0.34767481684684753,-0.007654512766748667,0.5249714255332947,0.39367765188217163,0.007098535541445017,0.4954738914966583,0.35975968837738037,0.0029371315613389015,0.47735652327537537,0.33928564190864563,-0.003692474216222763,0.46130815148353577,0.3204141855239868,-0.009159582667052746,0.5377898216247559,0.3788979947566986,0.0020498144440352917,0.509415864944458,0.3447514474391937,-0.0033414785284549,0.49176475405693054,0.32654333114624023,-0.008188026957213879,0.4764953553676605,0.31096264719963074,-0.011905772611498833,0.5569902658462524,0.3664378225803375,-0.004523631650954485,0.5350898504257202,0.3384246230125427,-0.009125886484980583,0.5205764770507812,0.3229200541973114,-0.011372257955372334,0.5078807473182678,0.3098357617855072,-0.013298522680997849,
0.5982985496520996,0.4838162660598755,8.49616199616321e-8,0.5587718486785889,0.4940834641456604,-0.003615652211010456,0.527957022190094,0.4688059389591217,-0.0009963163174688816,0.5097330808639526,0.4343681335449219,-0.00007591603207401931,0.49108460545539856,0.41490352153778076,0.0012951367534697056,0.5192852020263672,0.41713598370552063,0.016513366252183914,0.4930649995803833,0.3858569264411926,0.013377615250647068,0.4770573377609253,0.36620742082595825,0.007255150005221367,0.4636298418045044,0.34872326254844666,0.002168497070670128,0.5271918773651123,0.3965294063091278,0.012733771465718746,0.4968927502632141,0.3618963360786438,0.010277632623910904,0.4783913791179657,0.3416599929332733,0.0036007482558488846,0.4620606601238251,0.3235206604003906,-0.0014039340894669294,0.5390065908432007,0.38109681010246277,0.006450347136706114,0.5097468495368958,0.34766101837158203,0.0026394559536129236,0.49160489439964294,0.3290487825870514,-0.0012511706445366144,0.47579893469810486,0.3125896155834198,-0.0042922827415168285,0.5567169189453125,0.36761510372161865,-0.0011408828431740403,0.5347645282745361,0.3401765823364258,-0.003973342478275299,0.5210952758789062,0.32469964027404785,-0.004223725758492947,0.5079533457756042,0.31144365668296814,-0.004575454164296389,
0.5982154607772827,0.48315635323524475,7.774978172392366e-8,0.558512806892395,0.49299320578575134,-0.0030745083931833506,0.528409481048584,0.46850213408470154,-0.000283305678749457,0.5102192759513855,0.43529361486434937,0.000629857589956373,0.49129539728164673,0.41650572419166565,0.0018676226027309895,0.5195966958999634,0.41794610023498535,0.017012476921081543,0.4934041500091553,0.3874848783016205,0.013738558627665043,0.47726142406463623,0.3679666221141815,0.007452632300555706,0.46395736932754517,0.35041090846061707,0.0022783505264669657,0.52789705991745,0.3972075283527374,0.01284567080438137,0.4972068667411804,0.3626115322113037,0.010208677500486374,0.4782099425792694,0.34235382080078125,0.0031876075081527233,0.46134012937545776,0.32415229082107544,-0.002041735453531146,0.5401927828788757,0.381782203912735,0.006208542734384537,0.5102697610855103,0.34757477045059204,0.0021369766909629107,0.4915376603603363,0.3288840055465698,-0.0022158485371619463,0.47519010305404663,0.3122890591621399,-0.005494232755154371,0.5582149028778076,0.3684099316596985,-0.0016548177227377892,0.5357258319854736,0.34083372354507446,-0.004654918797314167,0.5214878916740417,0.32530733942985535,-0.0050864811055362225,0.5081743001937866,0.31174251437187195,-0.005541853606700897,
0.6004766225814819,0.481476366519928,7.087579234621444e-8,0.5609939694404602,0.4920780658721924,-0.0030818369705229998,0.5301010608673096,0.4677669405937195,-0.0000943221602938138,0.511536180973053,0.4341648817062378,0.000985419494099915,0.49222996830940247,0.4153831899166107,0.002399282529950142,0.5216209292411804,0.4169391989707947,0.017669590190052986,0.4961392283439636,0.38788408041000366,0.014596620574593544,0.4801880121231079,0.36936917901039124,0.008350212126970291,0.4666955769062042,0.3523516058921814,0.0031202491372823715,0.5294362902641296,0.3958493173122406,0.01345016434788704,0.49918481707572937,0.36179205775260925,0.01084404718130827,0.47999411821365356,0.34164726734161377,0.0038028035778552294,0.46284887194633484,0.3234524130821228,-0.0014116468373686075,0.5415059328079224,0.38036301732063293,0.006713263224810362,0.5119333863258362,0.3474079966545105,0.0024761066306382418,0.4933241605758667,0.32865673303604126,-0.001994477352127433,0.4768208861351013,0.3120660185813904,-0.005286103580147028,0.559380292892456,0.36717671155929565,-0.0012387919705361128,0.536850094795227,0.3399468660354614,-0.0044587645679712296,0.5229030251502991,0.3245622217655182,-0.004958122968673706,0.5096816420555115,0.31088384985923767,-0.005424978211522102,
0.6011781692504883,0.4781559407711029,7.328428353048366e-8,0.5616451501846313,0.49026191234588623,-0.0029220718424767256,0.5306671857833862,0.4674912095069885,0.00023582343419548124,0.5120115876197815,0.4341842234134674,0.001584202516824007,0.49355947971343994,0.414552241563797,0.0033336104825139046,0.5219840407371521,0.4167497754096985,0.01757078245282173,0.49595847725868225,0.38786646723747253,0.014915693551301956,0.47970589995384216,0.3691183626651764,0.009050899185240269,0.4660670757293701,0.35229527950286865,0.004094735719263554,0.5299398899078369,0.3955315351486206,0.013582250103354454,0.49919289350509644,0.3620506227016449,0.01164698600769043,0.48006731271743774,0.3422863185405731,0.005268874578177929,0.4632129371166229,0.32457736134529114,0.0004229702753946185,0.542004406452179,0.3796656131744385,0.007109735161066055,0.5119752883911133,0.34677743911743164,0.003513566218316555,0.4934212565422058,0.32797229290008545,-0.00048676610458642244,0.47744667530059814,0.3115936517715454,-0.0035932189784944057,0.559860110282898,0.3656150996685028,-0.0005896507645957172,0.5374581217765808,0.33919402956962585,-0.003283458761870861,0.5236099362373352,0.32388246059417725,-0.0035283169709146023,0.5106633305549622,0.3104701042175293,-0.0038970790337771177,
0.6043998599052429,0.4739393889904022,9.509427911780222e-8,0.5648143291473389,0.48572272062301636,-0.0038292910903692245,0.5337884426116943,0.46275249123573303,-0.0014915235806256533,0.5151802897453308,0.42984500527381897,-0.00073370395693928,0.49622637033462524,0.41146907210350037,0.0003748905146494508,0.5237378478050232,0.4141172468662262,0.014592231251299381,0.49693572521209717,0.38374805450439453,0.01082140114158392,0.4801466464996338,0.36417850852012634,0.0046243807300925255,0.4660950005054474,0.3467210531234741,-0.0004044871311634779,0.5323442220687866,0.39329254627227783,0.01082140114158392,0.5014917850494385,0.3595554828643799,0.007705352734774351,0.4823206961154938,0.3390781581401825,0.0007643967401236296,0.46551382541656494,0.3206772804260254,-0.0043466840870678425,0.5447810292243958,0.37769532203674316,0.0046828435733914375,0.515431821346283,0.3453022241592407,0.00014414649922400713,0.49669501185417175,0.32651692628860474,-0.004469455219805241,0.4802391529083252,0.310240238904953,-0.007874893955886364,0.5624828934669495,0.36436161398887634,-0.0026585806626826525,0.5406842827796936,0.3383316099643707,-0.006267175544053316,0.5267159938812256,0.3229527771472931,-0.0071265739388763905,0.513443648815155,0.3097010850906372,-0.007816431112587452,
0.625958263874054,0.45587193965911865,2.548972766192037e-8,0.5861963033676147,0.4605071544647217,-0.0008783239172771573,0.5534617304801941,0.43437716364860535,0.0026926505379378796,0.5345885157585144,0.4020068943500519,0.004085702821612358,0.5208535194396973,0.3830399513244629,0.005855492781847715,0.545524001121521,0.3876919448375702,0.017943214625120163,0.5222262144088745,0.3566237688064575,0.01457886304706335,0.5081397294998169,0.3359646797180176,0.008469291031360626,0.4967111349105835,0.31736162304878235,0.003376034554094076,0.5541673898696899,0.3700392246246338,0.013142003677785397,0.5280659198760986,0.33831217885017395,0.01056032907217741,0.5126470923423767,0.31876611709594727,0.004555894993245602,0.4986416697502136,0.3013172149658203,0.00019804270414169878,0.5669387578964233,0.35699301958084106,0.006086207926273346,0.5414879322052002,0.32547202706336975,0.0021582089830189943,0.5241808295249939,0.3074585795402527,-0.0006001515430398285,0.5093677639961243,0.29222822189331055,-0.0026634461246430874,0.5860453844070435,0.34503689408302307,-0.0020545332226902246,0.5665596723556519,0.31861263513565063,-0.005096177104860544,0.5533555746078491,0.3028380274772644,-0.004845018964260817,0.540949285030365,0.29107335209846497,-0.004698996897786856,
0.6551240086555481,0.43526357412338257,6.748346947915707e-8,0.6138096451759338,0.43323931097984314,-0.0024869926273822784,0.584078311920166,0.40226835012435913,0.0002274119178764522,0.5687037706375122,0.36714041233062744,0.0011185721959918737,0.5559871196746826,0.34494054317474365,0.0024740693625062704,0.579995334148407,0.35799792408943176,0.014772620983421803,0.5595322251319885,0.321917325258255,0.010275356471538544,0.5483168363571167,0.2982211112976074,0.003971721511334181,0.539431631565094,0.276786744594574,-0.0009900585282593966,0.5905577540397644,0.3411334455013275,0.010338536463677883,0.5680591464042664,0.3023533821105957,0.0064271241426467896,0.5548655390739441,0.27866071462631226,-0.000026923275072476827,0.5433792471885681,0.25727468729019165,-0.0044225966557860374,0.6049401164054871,0.3298943042755127,0.003575410693883896,0.5831092596054077,0.2921768128871918,-0.0013921128120273352,0.5686438083648682,0.26985985040664673,-0.00501131871715188,0.5565534234046936,0.2509121298789978,-0.007438003085553646,0.6252049803733826,0.3212165832519531,-0.004322082735598087,0.6089884042739868,0.2910082936286926,-0.008023853413760662,0.5976589918136597,0.27349820733070374,-0.008265085518360138,0.5867924094200134,0.25970321893692017,-0.008356984704732895,
0.6863977313041687,0.417242169380188,4.277823961729155e-8,0.6443261504173279,0.41411614418029785,-0.0030890577472746372,0.6158006191253662,0.38566333055496216,-0.000422906712628901,0.6009365916252136,0.35188981890678406,0.0005289037944748998,0.5874961614608765,0.3302561044692993,0.0019555380567908287,0.6138916015625,0.33955878019332886,0.01669418066740036,0.5945698022842407,0.30468425154685974,0.012967697344720364,0.5849313139915466,0.28188270330429077,0.0064492374658584595,0.5769031643867493,0.2617202401161194,0.0012907127384096384,0.6263973116874695,0.32190507650375366,0.012933085672557354,0.6051192283630371,0.2830120921134949,0.010573750361800194,0.5932947397232056,0.25994133949279785,0.004107206594198942,0.5829809308052063,0.239364355802536,-0.0007859647739678621,0.641460657119751,0.31060513854026794,0.00670305360108614,0.6216683983802795,0.2741696536540985,0.0033630637917667627,0.6089755296707153,0.2536256015300751,0.0002631900133565068,0.5983415246009827,0.23637443780899048,-0.002228101948276162,0.6624224185943604,0.30265194177627563,-0.0008047125884331763,0.6471094489097595,0.2744961082935333,-0.002487686462700367,0.6373568773269653,0.2582380175590515,-0.0014616061234846711,0.628118634223938,0.24535533785820007,-0.0009756057988852262,
0.7008428573608398,0.4078843295574188,8.605186252452768e-8,0.6585330367088318,0.40462303161621094,-0.004071715287864208,0.632686197757721,0.3767835199832916,-0.002205042401328683,0.6194942593574524,0.3416265547275543,-0.0018596234731376171,0.6049554944038391,0.320455938577652,-0.0010228633182123303,0.632247269153595,0.33356887102127075,0.015339425764977932,0.612802267074585,0.29927873611450195,0.010946257971227169,0.6033646464347839,0.27601876854896545,0.00400686077773571,0.5961402654647827,0.25461307168006897,-0.0012075568083673716,0.6454397439956665,0.31695491075515747,0.012091076001524925,0.6242645382881165,0.27844029664993286,0.00956458318978548,0.612693190574646,0.25449615716934204,0.0031327393371611834,0.6034085750579834,0.23326829075813293,-0.001677749678492546,0.6610645055770874,0.30642032623291016,0.0062767574563622475,0.6419138312339783,0.26990944147109985,0.0027450239285826683,0.6287110447883606,0.2478647381067276,-0.00037150169373489916,0.6178770661354065,0.22926267981529236,-0.0027534833643585443,0.6824175119400024,0.2992626428604126,-0.0008861055830493569,0.6689651012420654,0.2714526951313019,-0.003107361728325486,0.6585979461669922,0.25478142499923706,-0.002402424579486251,0.6486177444458008,0.2417052984237671,-0.0019625441636890173,
0.6246132850646973,0.4743692874908447,-1.2584376918312046e-7,0.5863879919052124,0.48523616790771484,-0.00536501407623291,0.5502537488937378,0.46307215094566345,-0.004498803522437811,0.5301349759101868,0.43049097061157227,-0.005182011518627405,0.5117582678794861,0.41276127099990845,-0.005389413796365261,0.5358218550682068,0.41239044070243835,0.01051042415201664,0.5094910264015198,0.3841909170150757,0.005111860577017069,0.4943937659263611,0.36763995885849,-0.002311927266418934,0.4805341958999634,0.3530360162258148,-0.008692603558301926,0.5452821850776672,0.3915563225746155,0.006917482241988182,0.5147386789321899,0.3584703207015991,0.0021197751630097628,0.49624714255332947,0.34034988284111023,-0.004419502802193165,0.47916778922080994,0.32416850328445435,-0.009906518273055553,0.5589298009872437,0.37598252296447754,0.0007796654826961458,0.5296018123626709,0.34260839223861694,-0.004880057647824287,0.512347936630249,0.3264349102973938,-0.008765804581344128,0.4970781207084656,0.3133857250213623,-0.011968341656029224,0.5790364146232605,0.36295709013938904,-0.006856481544673443,0.5569096803665161,0.33656978607177734,-0.011327833868563175,0.5425698161125183,0.32231375575065613,-0.012736951000988483,0.5297971963882446,0.31059530377388,-0.014249769039452076,
0.6430656909942627,0.45925459265708923,6.710216382543877e-8,0.6015530824661255,0.4651026427745819,-0.0030981756281107664,0.5682583451271057,0.43930181860923767,-0.0009726652642711997,0.5491411685943604,0.40538138151168823,-0.000691325287334621,0.5320137739181519,0.3851704001426697,-0.00014887734141666442,0.5600113868713379,0.38918983936309814,0.015293901786208153,0.5345836281776428,0.3568992614746094,0.010572581551969051,0.5204980373382568,0.3361518979072571,0.0033073672093451023,0.5086556673049927,0.3170786499977112,-0.002423265017569065,0.5687341690063477,0.3690434396266937,0.010688629932701588,0.5404794216156006,0.3332808017730713,0.0073293461464345455,0.5236634612083435,0.3110135793685913,0.00039070757338777184,0.5092123746871948,0.29173722863197327,-0.004721320699900389,0.5820075869560242,0.35535377264022827,0.0036127567291259766,0.5543268918991089,0.3209822475910187,-0.0006504794582724571,0.5367027521133423,0.30051863193511963,-0.004043355584144592,0.5213856101036072,0.2827211916446686,-0.006730782799422741,0.6014347076416016,0.3443673849105835,-0.004757966846227646,0.5804858803749084,0.315946102142334,-0.008007310330867767,0.5669477581977844,0.2984136641025543,-0.007738567888736725,0.5544267892837524,0.2840562164783478,-0.007646950893104076,
0.6650570034980774,0.4428258538246155,1.1188539872364345e-7,0.6244973540306091,0.44558537006378174,-0.005046428181231022,0.589898943901062,0.41519811749458313,-0.004076662939041853,0.5713633894920349,0.3780463635921478,-0.004532665479928255,0.554823637008667,0.3534010350704193,-0.004450584761798382,0.5819893479347229,0.36568188667297363,0.010980541817843914,0.5573127269744873,0.32782384753227234,0.0053686704486608505,0.5435425043106079,0.30358782410621643,-0.0017860101070255041,0.5320878028869629,0.2824348211288452,-0.007314281538128853,0.5922504663467407,0.34628885984420776,0.007040679920464754,0.5651954412460327,0.3051314055919647,0.0030886572785675526,0.5488671660423279,0.27948078513145447,-0.003793941577896476,0.5346663594245911,0.25780683755874634,-0.008809969760477543,0.6071008443832397,0.3334319293498993,0.0006999639444984496,0.5808843970298767,0.2941303849220276,-0.003915542270988226,0.5643893480300903,0.2699596881866455,-0.007940525189042091,0.5500794649124146,0.24983538687229156,-0.011108223348855972,0.6274706721305847,0.32389238476753235,-0.007016359828412533,0.6085145473480225,0.2933790683746338,-0.010706939734518528,0.5956997275352478,0.2742236256599426,-0.011193343438208103,0.5838842988014221,0.25908076763153076,-0.011631105095148087,
0.6831488609313965,0.4341289699077606,1.1885830986102519e-7,0.6398470997810364,0.4331147372722626,-0.005691844038665295,0.6067769527435303,0.39925891160964966,-0.005071940366178751,0.5895639657974243,0.36079782247543335,-0.005873431917279959,0.5721625089645386,0.33745071291923523,-0.006274177692830563,0.6022271513938904,0.3481968939304352,0.010294160805642605,0.5775858759880066,0.30818232893943787,0.003104215022176504,0.5640029311180115,0.282059907913208,-0.005291098263114691,0.5534864664077759,0.2583417594432831,-0.011371164582669735,0.6138007044792175,0.3305380046367645,0.006252261810004711,0.5870550274848938,0.2875858247280121,0.0007854463183321059,0.5710607171058655,0.26037853956222534,-0.006781371776014566,0.5582469701766968,0.23587730526924133,-0.011890881694853306,0.6295841336250305,0.31920769810676575,-0.00036063214065507054,0.6035792827606201,0.2778390645980835,-0.00633366359397769,0.5869094133377075,0.2524483799934387,-0.01016266644001007,0.572910726070404,0.22999276220798492,-0.012704897671937943,0.6514414548873901,0.3117038905620575,-0.00846575666218996,0.6325416564941406,0.2785399556159973,-0.013111904263496399,0.6196810007095337,0.25789281725883484,-0.013374893926084042,0.6079061031341553,0.24079233407974243,-0.013287230394780636,
0.7077527046203613,0.42709246277809143,1.0177456033488852e-7,0.6646127104759216,0.41990748047828674,-0.005142440553754568,0.6338541507720947,0.38342559337615967,-0.005024698097258806,0.6187651753425598,0.34343576431274414,-0.006354859098792076,0.6040505170822144,0.31770604848861694,-0.007357253227382898,0.6315813660621643,0.33240386843681335,0.009043821133673191,0.6095782518386841,0.28812175989151,0.001793171395547688,0.5978923439979553,0.2610439956188202,-0.006472601089626551,0.5883427858352661,0.23732030391693115,-0.012544244527816772,0.6448473334312439,0.3148670196533203,0.0044869063422083855,0.6209715604782104,0.2671353816986084,-0.000785606331191957,0.6069212555885315,0.23799411952495575,-0.008375558070838451,0.5947859287261963,0.21334409713745117,-0.013836218975484371,0.6616090536117554,0.30467188358306885,-0.0023707414511591196,0.6388052105903625,0.25886762142181396,-0.007821855135262012,0.6240960359573364,0.2323305904865265,-0.011328643187880516,0.6113691329956055,0.21005909144878387,-0.01402715127915144,0.6842105388641357,0.29961097240448,-0.010609464719891548,0.6672829389572144,0.2648671269416809,-0.01443447358906269,0.6556932330131531,0.24298934638500214,-0.013963506557047367,0.6446110010147095,0.22545793652534485,-0.013607099652290344,
0.7311539649963379,0.4197912812232971,1.0065011224469345e-7,0.6861499547958374,0.4085926413536072,-0.005273091606795788,0.6581404209136963,0.3727090060710907,-0.0053311800584197044,0.6452676653862,0.3316139578819275,-0.0069511872716248035,0.630720853805542,0.30499181151390076,-0.008119399659335613,0.6589191555976868,0.32155492901802063,0.011559495702385902,0.6379678249359131,0.27765679359436035,0.004066154360771179,0.6284692883491516,0.24936363101005554,-0.005021377932280302,0.6210598349571228,0.22386965155601501,-0.011572402901947498,0.6729530096054077,0.30519548058509827,0.007170630153268576,0.6505822539329529,0.25693440437316895,0.0020847106352448463,0.638878583908081,0.2269214391708374,-0.005670025944709778,0.6292306184768677,0.200566828250885,-0.011288418434560299,0.6900243163108826,0.2962622344493866,0.00019050014088861644,0.6691396236419678,0.25064578652381897,-0.005037513095885515,0.656468391418457,0.223319873213768,-0.007945136167109013,0.6461005806922913,0.2000931203365326,-0.010139567777514458,0.7131410241127014,0.2925761640071869,-0.008371114730834961,0.6977217197418213,0.2570531666278839,-0.011488499119877815,0.6878492832183838,0.23470795154571533,-0.010210564360022545,0.6783387064933777,0.21668091416358948,-0.009294066578149796,
0.7423107028007507,0.41663438081741333,1.2477703137392382e-7,0.6987676620483398,0.4034329354763031,-0.006652898155152798,0.6719896793365479,0.36714938282966614,-0.00688890740275383,0.6603236198425293,0.3250739574432373,-0.008164630271494389,0.645690381526947,0.2967411279678345,-0.008770599961280823,0.6734538674354553,0.31752368807792664,0.009650847874581814,0.6542781591415405,0.27330127358436584,0.0024653358850628138,0.6444911956787109,0.24498751759529114,-0.005890653468668461,0.6370758414268494,0.2191975712776184,-0.01188336405903101,0.6892445087432861,0.3012465834617615,0.006330778356641531,0.6685851812362671,0.2517876625061035,0.0014479461824521422,0.6575186848640442,0.2217375636100769,-0.005692916456609964,0.6480796337127686,0.19468790292739868,-0.010843650437891483,0.707284688949585,0.29306545853614807,0.00035261796438135207,0.688098669052124,0.24727308750152588,-0.004774395376443863,0.6762358546257019,0.2201157808303833,-0.008075329475104809,0.6657087802886963,0.19635480642318726,-0.01046731136739254,0.7302759289741516,0.2905334234237671,-0.007207838352769613,0.7158207297325134,0.2548009753227234,-0.010754349641501904,0.7056249976158142,0.23324033617973328,-0.010358874686062336,0.6953632235527039,0.21542450785636902,-0.009976157918572426,
0.7566280961036682,0.41929522156715393,1.2389686787628307e-7,0.7130997776985168,0.4037821590900421,-0.0071533722802996635,0.6868696212768555,0.3677331209182739,-0.007837335579097271,0.676348865032196,0.3250426948070526,-0.009412331506609917,0.6623340845108032,0.2958017587661743,-0.010228067636489868,0.6894997954368591,0.3173612356185913,0.009211535565555096,0.6708894968032837,0.27289852499961853,0.0015961745521053672,0.6623263955116272,0.2440146505832672,-0.007329069077968597,0.6559448838233948,0.21780279278755188,-0.013792203739285469,0.7060880661010742,0.3018149733543396,0.005964281037449837,0.6862983703613281,0.25215598940849304,0.0005949377664364874,0.6760491728782654,0.22126206755638123,-0.007234945427626371,0.6675191521644592,0.1936725676059723,-0.012938818894326687,0.7244545221328735,0.29499971866607666,0.00004397323209559545,0.7070784568786621,0.24851389229297638,-0.005700735840946436,0.6961647868156433,0.2208731770515442,-0.009487630799412727,0.6865813732147217,0.1969200074672699,-0.0121670076623559,0.7480160593986511,0.2941020429134369,-0.007442017085850239,0.7351875901222229,0.25784286856651306,-0.011558342725038528,0.725491464138031,0.2364998310804367,-0.011464220471680164,0.7157367467880249,0.2191067934036255,-0.011232049204409122,
0.7609010934829712,0.422025591135025,1.4283891403010784e-7,0.7162134051322937,0.40834546089172363,-0.0061906008049845695,0.6897534132003784,0.37069907784461975,-0.005877311807125807,0.680370569229126,0.32777124643325806,-0.006710662040859461,0.6676404476165771,0.29719215631484985,-0.006886104121804237,0.693720817565918,0.318818598985672,0.011272157542407513,0.6751975417137146,0.27405300736427307,0.005266397260129452,0.6664771437644958,0.24587617814540863,-0.0024546238128095865,0.659947395324707,0.22039452195167542,-0.008176857605576515,0.7104964256286621,0.3038833439350128,0.007951288484036922,0.6907373666763306,0.2541402578353882,0.0036498233675956726,0.6798081994056702,0.22365303337574005,-0.0038377968594431877,0.6708049774169922,0.1967451572418213,-0.009248307906091213,0.7294473648071289,0.29715460538864136,0.0019815564155578613,0.7115519642829895,0.2504209578037262,-0.0030483072623610497,0.7004644274711609,0.22234243154525757,-0.007456291001290083,0.6908098459243774,0.19884192943572998,-0.010576654225587845,0.7527028918266296,0.2964932918548584,-0.005438706371933222,0.7399057149887085,0.2597867548465729,-0.009079131297767162,0.7301180362701416,0.2376866340637207,-0.009624254889786243,0.7203859686851501,0.2191276103258133,-0.009925013408064842,
0.7592101097106934,0.42267414927482605,1.5341107939548237e-7,0.7170403599739075,0.40865325927734375,-0.007892350666224957,0.6884434223175049,0.37314650416374207,-0.008470452390611172,0.6769216656684875,0.33164605498313904,-0.009752330370247364,0.6643710136413574,0.3024243712425232,-0.010255027562379837,0.6897154450416565,0.32323673367500305,0.00786721520125866,0.6705893278121948,0.27827396988868713,0.0010179623495787382,0.6617408990859985,0.2505508065223694,-0.006899522617459297,0.65453040599823,0.22534626722335815,-0.012724529020488262,0.7063849568367004,0.3076663017272949,0.005319167859852314,0.6864475011825562,0.25800901651382446,0.0007481551729142666,0.6753727197647095,0.22790758311748505,-0.006428243592381477,0.6655874252319336,0.20145589113235474,-0.011832241900265217,0.7252451181411743,0.30043330788612366,0.00007265549356816337,0.7068766355514526,0.25464487075805664,-0.004838463384658098,0.6957735419273376,0.22685134410858154,-0.009048554114997387,0.6856312155723572,0.20345285534858704,-0.012303519994020462,0.7480795979499817,0.29856929183006287,-0.006767564453184605,0.73476642370224,0.26325637102127075,-0.010468674823641777,0.7248753309249878,0.2423848807811737,-0.011229004710912704,0.715106189250946,0.22481876611709595,-0.011838524602353573,
0.7040876746177673,0.4493449330329895,6.84497578617993e-8,0.6908484697341919,0.4083639681339264,0.0054324655793607235,0.6728190183639526,0.3554115295410156,0.011108595877885818,0.6588354706764221,0.3140406906604767,0.014157524332404137,0.6428656578063965,0.2874618172645569,0.017168967053294182,0.6848107576370239,0.3137141764163971,0.01698153093457222,0.6700215935707092,0.2683700621128082,0.01684408076107502,0.6632092595100403,0.24127161502838135,0.013807647861540318,0.6577335596084595,0.21990236639976501,0.010652505792677402,0.6870724558830261,0.31210342049598694,0.011408491060137749,0.6774467825889587,0.2645145654678345,0.013157876208424568,0.6750409007072449,0.24287427961826324,0.010821197181940079,0.6722148656845093,0.22540165483951569,0.008178375661373138,0.6883082389831543,0.31659984588623047,0.004726463928818703,0.6811113357543945,0.27202433347702026,0.006344645284116268,0.6758448481559753,0.24521997570991516,0.006263423711061478,0.6720720529556274,0.22407814860343933,0.004888906609266996,0.6887466907501221,0.32526108622550964,-0.0022257801610976458,0.6797307729721069,0.2899516522884369,-0.0013065721141174436,0.67442387342453,0.2697591781616211,0.00014594479580409825,0.6699066758155823,0.2533024847507477,0.0005341873038560152,0
0.68107670545578,0.47785454988479614,1.6954967918536568e-7,0.6312939524650574,0.46547359228134155,-0.009462709538638592,0.5975936055183411,0.41878044605255127,-0.010994709096848965,0.5818323493003845,0.3696261942386627,-0.01225599367171526,0.561875581741333,0.3406986594200134,-0.012483639642596245,0.6005377173423767,0.3505898714065552,0.00480210967361927,0.580197274684906,0.29150158166885376,0.0018642398063093424,0.5705610513687134,0.25752314925193787,-0.0026240868028253317,0.5629265904426575,0.22860348224639893,-0.006780173163861036,0.6215587258338928,0.3365679383277893,0.003236271208152175,0.598792552947998,0.27536582946777344,0.0009982604533433914,0.5853866338729858,0.23750077188014984,-0.004746736027300358,0.5731891393661499,0.20599231123924255,-0.00925967376679182,0.6446611881256104,0.33293861150741577,-0.0006487154751084745,0.6248061060905457,0.27672266960144043,-0.003860760945826769,0.6102564930915833,0.2427375614643097,-0.01041021104902029,0.5966916680335999,0.2164909541606903,-0.015393822453916073,0.6730263829231262,0.3380236029624939,-0.005946494173258543,0.6572265028953552,0.294842392206192,-0.008638259954750538,0.6439756155014038,0.26855140924453735,-0.010963944718241692,0.6309594511985779,0.24598820507526398,-0.012748201377689838,0
0.6639262437820435,0.48562490940093994,2.5158865923913254e-7,0.6156402826309204,0.4736890494823456,-0.012693589553236961,0.5803815722465515,0.4275270700454712,-0.015930980443954468,0.5644025802612305,0.37668198347091675,-0.01861124113202095,0.5434770584106445,0.34494084119796753,-0.020327812060713768,0.5851369500160217,0.3485928177833557,0.00014257700240705162,0.566153883934021,0.2893836498260498,-0.008206413127481937,0.5581210851669312,0.2546135485172272,-0.017496975138783455,0.5514770746231079,0.2238895446062088,-0.024348201230168343,0.6074904799461365,0.3331649601459503,-0.0012544895289465785,0.5868921279907227,0.269637793302536,-0.005725667346268892,0.5755062699317932,0.2324547916650772,-0.01258818618953228,0.5652515888214111,0.20209789276123047,-0.018279973417520523,0.6310577988624573,0.32996636629104614,-0.00557885505259037,0.6128742098808289,0.27133435010910034,-0.0102391941472888,0.6006539463996887,0.2381799817085266,-0.013792796991765499,0.5894834399223328,0.21087919175624847,-0.017301226034760475,0.6588253378868103,0.33481815457344055,-0.011993408203125,0.6450446248054504,0.28940120339393616,-0.016412826254963875,0.6341794729232788,0.2643807828426361,-0.017150649800896645,0.622897744178772,0.24358998239040375,-0.017843302339315414,0
0.6490395665168762,0.48524075746536255,2.2905618379809312e-7,0.5999805927276611,0.4729379117488861,-0.012360972352325916,0.5636565089225769,0.4248178005218506,-0.015144340693950653,0.5476941466331482,0.37309664487838745,-0.017732247710227966,0.5263274908065796,0.3409540355205536,-0.019467944279313087,0.5669693350791931,0.34783506393432617,0.002408083062618971,0.5473325252532959,0.2881213426589966,-0.006008479744195938,0.5384282469749451,0.25250503420829773,-0.015566537156701088,0.5312159657478333,0.22109399735927582,-0.022673508152365685,0.5898299217224121,0.3312225937843323,0.0005604852340184152,0.5683327317237854,0.26625943183898926,-0.004143779631704092,0.5561825037002563,0.22855782508850098,-0.01132893655449152,0.5456587076187134,0.19786623120307922,-0.017169319093227386,0.6138613224029541,0.3272598087787628,-0.004397878888994455,0.5948056578636169,0.2664116621017456,-0.009343049488961697,0.5817399621009827,0.2322317212820053,-0.013393007218837738,0.5697969198226929,0.2046148031949997,-0.01718495599925518,0.6421942710876465,0.3320647180080414,-0.011500941589474678,0.6278905272483826,0.28505611419677734,-0.016278015449643135,0.6162391901016235,0.25881141424179077,-0.017450785264372826,0.6040533185005188,0.2371024191379547,-0.018451545387506485,0
0.6454578638076782,0.48539483547210693,2.1833059804521326e-7,0.5953232645988464,0.4707867503166199,-0.013439157046377659,0.5583007335662842,0.4234405755996704,-0.01636626198887825,0.5416812300682068,0.3717503547668457,-0.0190461166203022,0.5216350555419922,0.33840012550354004,-0.02060936577618122,0.5630665421485901,0.343396931886673,0.004362741485238075,0.5440781712532043,0.284757137298584,-0.003477431833744049,0.5345126390457153,0.24965491890907288,-0.013191909529268742,0.5266022086143494,0.21731704473495483,-0.020832687616348267,0.5856602787971497,0.32786327600479126,0.002624025335535407,0.564010500907898,0.2644721269607544,-0.001893246197141707,0.551692008972168,0.22644703090190887,-0.00962674431502819,0.5411213636398315,0.19407618045806885,-0.01602330431342125,0.6095963716506958,0.3249029219150543,-0.0025662011466920376,0.5907344222068787,0.2654079794883728,-0.007748452015221119,0.5782091617584229,0.2309795320034027,-0.01210720557719469,0.566325843334198,0.202320858836174,-0.016111038625240326,0.6380611062049866,0.33000150322914124,-0.01008136197924614,0.623889684677124,0.2842849791049957,-0.014866817742586136,0.6126900911331177,0.25737690925598145,-0.016142940148711205,0.6009215712547302,0.23431694507598877,-0.017339305952191353,0
0.6482784152030945,0.487601637840271,1.9918373084237828e-7,0.5964834690093994,0.4748920500278473,-0.01424479577690363,0.5608164668083191,0.4282880425453186,-0.01754443719983101,0.5449974536895752,0.37488776445388794,-0.020168054848909378,0.5254809260368347,0.3371434509754181,-0.021584484726190567,0.5655313730239868,0.3446158170700073,0.0038227555342018604,0.5456084609031677,0.28507012128829956,-0.0037664202973246574,0.535555362701416,0.24964717030525208,-0.013327333144843578,0.5272383689880371,0.21813072264194489,-0.020699216052889824,0.5890002846717834,0.32978183031082153,0.0029596176464110613,0.5672421455383301,0.26547104120254517,-0.00146572501398623,0.5547952651977539,0.2274409681558609,-0.009327523410320282,0.5442430973052979,0.1958337277173996,-0.01581413671374321,0.612892746925354,0.3274732530117035,-0.0013067788677290082,0.5934776067733765,0.2680431008338928,-0.00612043309956789,0.5802258253097534,0.23303461074829102,-0.010518614202737808,0.5687065720558167,0.20432840287685394,-0.014614998362958431,0.6413102149963379,0.33210256695747375,-0.007931211963295937,0.6266999244689941,0.28574925661087036,-0.012104052118957043,0.6150964498519897,0.2580271065235138,-0.01309394370764494,0.6035227179527283,0.23399028182029724,-0.014116027392446995,0
0.6569811701774597,0.48923325538635254,2.0306556791638286e-7,0.6061433553695679,0.4758453369140625,-0.014164087362587452,0.5699935555458069,0.4295720160007477,-0.017878727987408638,0.5529917478561401,0.3772391080856323,-0.02088274247944355,0.5326080918312073,0.339118629693985,-0.022643160074949265,0.5731889605522156,0.3457125723361969,0.0011234770063310862,0.5541455149650574,0.2844025492668152,-0.008006665855646133,0.5452802181243896,0.24757689237594604,-0.01789488084614277,0.5383403897285461,0.21578489243984222,-0.025001147761940956,0.5969038605690002,0.3303588926792145,0.00011444223491707817,0.5764479041099548,0.26474934816360474,-0.00564867677167058,0.5646175742149353,0.2268458604812622,-0.013300030492246151,0.5544420480728149,0.19508835673332214,-0.019009269773960114,0.6211587190628052,0.3279430866241455,-0.004082067869603634,0.6026788353919983,0.26810628175735474,-0.009504634886980057,0.5895958542823792,0.23329797387123108,-0.01306584570556879,0.5781207084655762,0.20451286435127258,-0.016158688813447952,0.6498547196388245,0.3338008224964142,-0.010594802908599377,0.6363566517829895,0.287594199180603,-0.01460015308111906,0.6253313422203064,0.2605917453765869,-0.014495175331830978,0.6143319010734558,0.23790356516838074,-0.014341744594275951,0
0.6679500937461853,0.4915223717689514,1.797027664451889e-7,0.6165018677711487,0.4743186831474304,-0.012435795739293098,0.5812827944755554,0.42571794986724854,-0.015672842040657997,0.5655016899108887,0.3741070330142975,-0.018739093095064163,0.5456957817077637,0.33726683259010315,-0.020707348361611366,0.5863537788391113,0.3443819284439087,0.0024054197128862143,0.5684051513671875,0.2838004231452942,-0.006905159913003445,0.5602505207061768,0.24834522604942322,-0.016803370788693428,0.553995668888092,0.21751882135868073,-0.023960663005709648,0.6089580059051514,0.3298414349555969,-0.00012333366612438112,0.5884988903999329,0.2639569938182831,-0.006559495814144611,0.5772793889045715,0.22662127017974854,-0.014428450725972652,0.5676442384719849,0.19522251188755035,-0.020154284313321114,0.6328762173652649,0.3281327784061432,-0.0057990336790680885,0.6146422028541565,0.2668103575706482,-0.012118598446249962,0.6025617122650146,0.23240475356578827,-0.015949375927448273,0.5916901230812073,0.20356902480125427,-0.01901562511920929,0.6613398194313049,0.33579516410827637,-0.01364765502512455,0.6475009918212891,0.2883157730102539,-0.018527626991271973,0.6364780068397522,0.2609100937843323,-0.018657760694622993,0.6253523826599121,0.2380998134613037,-0.018543893471360207,0
0.6738052368164062,0.4893556237220764,1.8405017954137293e-7,0.6248373985290527,0.47129541635513306,-0.012513209134340286,0.5906381011009216,0.42383888363838196,-0.016181014478206635,0.5754772424697876,0.3724423944950104,-0.01946316845715046,0.5562242269515991,0.33467069268226624,-0.02141604945063591,0.594806969165802,0.3417622745037079,0.0015323552070185542,0.577052652835846,0.2808285057544708,-0.00784024316817522,0.5693941712379456,0.24495269358158112,-0.017789268866181374,0.5637602210044861,0.21391311287879944,-0.024780254811048508,0.6181114912033081,0.3278311491012573,-0.0003923198382835835,0.5985442399978638,0.2619999349117279,-0.006108907051384449,0.588002622127533,0.2246638536453247,-0.01335015706717968,0.5788006782531738,0.19316136837005615,-0.018724683672189713,0.6420732736587524,0.32611697912216187,-0.0053047798573970795,0.6249269247055054,0.26587629318237305,-0.010076209902763367,0.613433837890625,0.23166505992412567,-0.012455771677196026,0.603162944316864,0.20328663289546967,-0.014695840887725353,0.6702749729156494,0.3333251178264618,-0.01250500325113535,0.6570677757263184,0.2868896722793579,-0.015385093167424202,0.6466036438941956,0.2598877251148224,-0.014014793559908867,0.6360248327255249,0.23827099800109863,-0.012907066382467747,0
0.6851215958595276,0.48763176798820496,1.7850524614004826e-7,0.6354366540908813,0.468999445438385,-0.01406259648501873,0.6021445989608765,0.42148497700691223,-0.017807746306061745,0.5875024795532227,0.3695451319217682,-0.021041087806224823,0.5682980418205261,0.33177199959754944,-0.02292585000395775,0.6071061491966248,0.34294766187667847,0.002213782398030162,0.5898037552833557,0.28210562467575073,-0.00735625671222806,0.5824449062347412,0.2463649958372116,-0.017742754891514778,0.5767428278923035,0.21502502262592316,-0.02526555396616459,0.6298049688339233,0.32911357283592224,0.0009149623801931739,0.6104592084884644,0.26342296600341797,-0.005374007858335972,0.6000813245773315,0.22627276182174683,-0.013640150427818298,0.5908328294754028,0.19431091845035553,-0.019952476024627686,0.6529979705810547,0.3278265595436096,-0.0036882832646369934,0.6362739205360413,0.2683075964450836,-0.009366939775645733,0.6243453621864319,0.23426584899425507,-0.01299023162573576,0.6139987707138062,0.20604874193668365,-0.016207324340939522,0.6810876131057739,0.3352729082107544,-0.010691147297620773,0.6685081124305725,0.2895468771457672,-0.014444422908127308,0.6581464409828186,0.2632521092891693,-0.01411133911460638,0.6478742957115173,0.24179866909980774,-0.013981357216835022,0
